[{"cena": 2.8681},{"cena": 2.8667},{"cena": 2.8738},{"cena": 2.8589},{"cena": 2.8598},{"cena": 2.8509},{"cena": 2.8369},{"cena": 2.8194},{"cena": 2.8182},{"cena": 2.8228},{"cena": 2.8351},{"cena": 2.8242},{"cena": 2.8176},{"cena": 2.8221},{"cena": 2.8206},{"cena": 2.8165},{"cena": 2.8041},{"cena": 2.7741},{"cena": 2.7663},{"cena": 2.7943},{"cena": 2.7981},{"cena": 2.8006},{"cena": 2.8025},{"cena": 2.7929},{"cena": 2.8011},{"cena": 2.806},{"cena": 2.8061},{"cena": 2.7971},{"cena": 2.7848},{"cena": 2.7813},{"cena": 2.7555},{"cena": 2.7238},{"cena": 2.7309},{"cena": 2.7161},{"cena": 2.7172},{"cena": 2.7282},{"cena": 2.7123},{"cena": 2.7113},{"cena": 2.7},{"cena": 2.6911},{"cena": 2.6875},{"cena": 2.6822},{"cena": 2.687},{"cena": 2.6818},{"cena": 2.6978},{"cena": 2.7097},{"cena": 2.7073},{"cena": 2.6891},{"cena": 2.6889},{"cena": 2.684},{"cena": 2.7022},{"cena": 2.7107},{"cena": 2.7355},{"cena": 2.7479},{"cena": 2.7375},{"cena": 2.7309},{"cena": 2.7207},{"cena": 2.708},{"cena": 2.7295},{"cena": 2.7375},{"cena": 2.7308},{"cena": 2.7199},{"cena": 2.7069},{"cena": 2.7121},{"cena": 2.7034},{"cena": 2.7062},{"cena": 2.722},{"cena": 2.7354},{"cena": 2.7402},{"cena": 2.7517},{"cena": 2.7071},{"cena": 2.708},{"cena": 2.7188},{"cena": 2.7203},{"cena": 2.721},{"cena": 2.7271},{"cena": 2.7266},{"cena": 2.7157},{"cena": 2.7188},{"cena": 2.6988},{"cena": 2.6908},{"cena": 2.6997},{"cena": 2.7039},{"cena": 2.6978},{"cena": 2.6729},{"cena": 2.6631},{"cena": 2.6524},{"cena": 2.6361},{"cena": 2.649},{"cena": 2.6657},{"cena": 2.6715},{"cena": 2.6687},{"cena": 2.6663},{"cena": 2.655},{"cena": 2.6451},{"cena": 2.6473},{"cena": 2.6477},{"cena": 2.6517},{"cena": 2.6467},{"cena": 2.6596},{"cena": 2.6521},{"cena": 2.6611},{"cena": 2.6512},{"cena": 2.6698},{"cena": 2.6507},{"cena": 2.6507},{"cena": 2.6347},{"cena": 2.6342},{"cena": 2.6335},{"cena": 2.6464},{"cena": 2.6615},{"cena": 2.6762},{"cena": 2.6866},{"cena": 2.6861},{"cena": 2.6825},{"cena": 2.6643},{"cena": 2.6452},{"cena": 2.6402},{"cena": 2.6549},{"cena": 2.6474},{"cena": 2.6472},{"cena": 2.6417},{"cena": 2.6186},{"cena": 2.6016},{"cena": 2.6235},{"cena": 2.6288}]
