[{"cena": 1.1607},{"cena": 1.1645},{"cena": 1.1646},{"cena": 1.1645},{"cena": 1.1667},{"cena": 1.1643},{"cena": 1.1438},{"cena": 1.1393},{"cena": 1.1352},{"cena": 1.1358},{"cena": 1.1448},{"cena": 1.1339},{"cena": 1.1402},{"cena": 1.1318},{"cena": 1.1358},{"cena": 1.1294},{"cena": 1.1128},{"cena": 1.1099},{"cena": 1.1116},{"cena": 1.1115},{"cena": 1.1255},{"cena": 1.1107},{"cena": 1.113},{"cena": 1.1141},{"cena": 1.1038},{"cena": 1.128},{"cena": 1.1186},{"cena": 1.1204},{"cena": 1.1154},{"cena": 1.1084},{"cena": 1.1016},{"cena": 1.0831},{"cena": 1.0853},{"cena": 1.0986},{"cena": 1.1024},{"cena": 1.107},{"cena": 1.101},{"cena": 1.1028},{"cena": 1.1014},{"cena": 1.0911},{"cena": 1.0962},{"cena": 1.1012},{"cena": 1.095},{"cena": 1.0802},{"cena": 1.0896},{"cena": 1.0929},{"cena": 1.0998},{"cena": 1.1041},{"cena": 1.0882},{"cena": 1.0824},{"cena": 1.0805},{"cena": 1.0851},{"cena": 1.079},{"cena": 1.0708},{"cena": 1.0847},{"cena": 1.0808},{"cena": 1.0778},{"cena": 1.0724},{"cena": 1.0698},{"cena": 1.0647},{"cena": 1.0572},{"cena": 1.051},{"cena": 1.0429},{"cena": 1.0621},{"cena": 1.0649},{"cena": 1.0662},{"cena": 1.0757},{"cena": 1.0798},{"cena": 1.0774},{"cena": 1.0826},{"cena": 1.0688},{"cena": 1.0608},{"cena": 1.063},{"cena": 1.0579},{"cena": 1.058},{"cena": 1.0601},{"cena": 1.0647},{"cena": 1.0644},{"cena": 1.0426},{"cena": 1.0607},{"cena": 1.0576},{"cena": 1.0584},{"cena": 1.06},{"cena": 1.0473},{"cena": 1.0467},{"cena": 1.0523},{"cena": 1.0369},{"cena": 1.0268},{"cena": 1.0411},{"cena": 1.043},{"cena": 1.0428},{"cena": 1.0354},{"cena": 1.0292},{"cena": 1.0246},{"cena": 1.0337},{"cena": 1.0277},{"cena": 1.034},{"cena": 1.0387},{"cena": 1.035},{"cena": 1.0403},{"cena": 1.0434},{"cena": 1.0438},{"cena": 1.0489},{"cena": 1.0514},{"cena": 1.0585},{"cena": 1.0518},{"cena": 1.0451},{"cena": 1.0466},{"cena": 1.0514},{"cena": 1.046},{"cena": 1.0446},{"cena": 1.0465},{"cena": 1.0469},{"cena": 1.0446},{"cena": 1.0465},{"cena": 1.0414},{"cena": 1.0474},{"cena": 1.0438},{"cena": 1.043},{"cena": 1.0465},{"cena": 1.0351},{"cena": 1.0304},{"cena": 1.0243},{"cena": 1.0209},{"cena": 1.0299},{"cena": 1.033}]
