[{"cena": 2.9364},{"cena": 2.9326},{"cena": 2.9339},{"cena": 2.928},{"cena": 2.9237},{"cena": 2.9303},{"cena": 2.9131},{"cena": 2.8942},{"cena": 2.8908},{"cena": 2.8875},{"cena": 2.8815},{"cena": 2.8692},{"cena": 2.875},{"cena": 2.8804},{"cena": 2.8744},{"cena": 2.8537},{"cena": 2.8459},{"cena": 2.838},{"cena": 2.8078},{"cena": 2.8411},{"cena": 2.8396},{"cena": 2.8442},{"cena": 2.8329},{"cena": 2.8366},{"cena": 2.8684},{"cena": 2.8727},{"cena": 2.8714},{"cena": 2.8659},{"cena": 2.8625},{"cena": 2.8631},{"cena": 2.8351},{"cena": 2.8209},{"cena": 2.8187},{"cena": 2.8198},{"cena": 2.8134},{"cena": 2.8153},{"cena": 2.809},{"cena": 2.8015},{"cena": 2.7844},{"cena": 2.7788},{"cena": 2.7661},{"cena": 2.7584},{"cena": 2.7573},{"cena": 2.748},{"cena": 2.7964},{"cena": 2.8006},{"cena": 2.813},{"cena": 2.7849},{"cena": 2.7827},{"cena": 2.7743},{"cena": 2.7835},{"cena": 2.7866},{"cena": 2.782},{"cena": 2.8065},{"cena": 2.7766},{"cena": 2.7674},{"cena": 2.7558},{"cena": 2.7557},{"cena": 2.7828},{"cena": 2.786},{"cena": 2.7779},{"cena": 2.7765},{"cena": 2.7572},{"cena": 2.7644},{"cena": 2.7522},{"cena": 2.7579},{"cena": 2.7979},{"cena": 2.8131},{"cena": 2.8102},{"cena": 2.7815},{"cena": 2.7451},{"cena": 2.7382},{"cena": 2.7508},{"cena": 2.7398},{"cena": 2.742},{"cena": 2.739},{"cena": 2.7289},{"cena": 2.7317},{"cena": 2.7316},{"cena": 2.7111},{"cena": 2.7031},{"cena": 2.7015},{"cena": 2.7126},{"cena": 2.7108},{"cena": 2.711},{"cena": 2.7094},{"cena": 2.6905},{"cena": 2.6742},{"cena": 2.691},{"cena": 2.7098},{"cena": 2.7208},{"cena": 2.7149},{"cena": 2.695},{"cena": 2.6828},{"cena": 2.6655},{"cena": 2.6626},{"cena": 2.6623},{"cena": 2.6666},{"cena": 2.6629},{"cena": 2.6811},{"cena": 2.6676},{"cena": 2.6767},{"cena": 2.6646},{"cena": 2.6779},{"cena": 2.6731},{"cena": 2.6591},{"cena": 2.6376},{"cena": 2.614},{"cena": 2.6085},{"cena": 2.6256},{"cena": 2.6519},{"cena": 2.6567},{"cena": 2.6554},{"cena": 2.6296},{"cena": 2.6339},{"cena": 2.6177},{"cena": 2.6213},{"cena": 2.6233},{"cena": 2.6468},{"cena": 2.6602},{"cena": 2.655},{"cena": 2.6558},{"cena": 2.6381},{"cena": 2.6313},{"cena": 2.6481},{"cena": 2.6529}]
