[{"cena": 3.7825},{"cena": 3.7618},{"cena": 3.7581},{"cena": 3.7435},{"cena": 3.7567},{"cena": 3.7541},{"cena": 3.7306},{"cena": 3.7144},{"cena": 3.6969},{"cena": 3.6927},{"cena": 3.6914},{"cena": 3.6796},{"cena": 3.6733},{"cena": 3.6695},{"cena": 3.6601},{"cena": 3.6564},{"cena": 3.6544},{"cena": 3.6293},{"cena": 3.6318},{"cena": 3.6575},{"cena": 3.6515},{"cena": 3.6603},{"cena": 3.6368},{"cena": 3.642},{"cena": 3.6522},{"cena": 3.6617},{"cena": 3.6627},{"cena": 3.6427},{"cena": 3.6539},{"cena": 3.6468},{"cena": 3.6313},{"cena": 3.6382},{"cena": 3.6266},{"cena": 3.6266},{"cena": 3.6308},{"cena": 3.6313},{"cena": 3.626},{"cena": 3.6245},{"cena": 3.616},{"cena": 3.5972},{"cena": 3.6005},{"cena": 3.5971},{"cena": 3.6008},{"cena": 3.595},{"cena": 3.6105},{"cena": 3.5963},{"cena": 3.6071},{"cena": 3.6028},{"cena": 3.5924},{"cena": 3.5965},{"cena": 3.6085},{"cena": 3.6186},{"cena": 3.6144},{"cena": 3.6227},{"cena": 3.6137},{"cena": 3.6134},{"cena": 3.5925},{"cena": 3.5832},{"cena": 3.5764},{"cena": 3.5651},{"cena": 3.5716},{"cena": 3.5672},{"cena": 3.5567},{"cena": 3.5592},{"cena": 3.5308},{"cena": 3.5298},{"cena": 3.5502},{"cena": 3.5622},{"cena": 3.5623},{"cena": 3.5683},{"cena": 3.5365},{"cena": 3.5334},{"cena": 3.5428},{"cena": 3.5398},{"cena": 3.5471},{"cena": 3.5576},{"cena": 3.5472},{"cena": 3.5396},{"cena": 3.546},{"cena": 3.547},{"cena": 3.5644},{"cena": 3.5625},{"cena": 3.5802},{"cena": 3.5755},{"cena": 3.5806},{"cena": 3.5886},{"cena": 3.5882},{"cena": 3.5852},{"cena": 3.5904},{"cena": 3.6056},{"cena": 3.6506},{"cena": 3.638},{"cena": 3.6283},{"cena": 3.611},{"cena": 3.594},{"cena": 3.6049},{"cena": 3.6013},{"cena": 3.5967},{"cena": 3.5978},{"cena": 3.6252},{"cena": 3.6302},{"cena": 3.6217},{"cena": 3.6093},{"cena": 3.6268},{"cena": 3.6333},{"cena": 3.647},{"cena": 3.6321},{"cena": 3.6114},{"cena": 3.5992},{"cena": 3.5907},{"cena": 3.5923},{"cena": 3.5865},{"cena": 3.6016},{"cena": 3.6009},{"cena": 3.6073},{"cena": 3.6028},{"cena": 3.6009},{"cena": 3.6035},{"cena": 3.6205},{"cena": 3.6133},{"cena": 3.6211},{"cena": 3.6089},{"cena": 3.5843},{"cena": 3.5731},{"cena": 3.5728},{"cena": 3.5812}]
