[{"cena": 4.3137},{"cena": 4.3105},{"cena": 4.3025},{"cena": 4.2985},{"cena": 4.3042},{"cena": 4.3121},{"cena": 4.2952},{"cena": 4.2836},{"cena": 4.2705},{"cena": 4.2603},{"cena": 4.2449},{"cena": 4.2313},{"cena": 4.2293},{"cena": 4.2381},{"cena": 4.2452},{"cena": 4.2359},{"cena": 4.2382},{"cena": 4.237},{"cena": 4.2458},{"cena": 4.252},{"cena": 4.2403},{"cena": 4.2498},{"cena": 4.2336},{"cena": 4.2406},{"cena": 4.2449},{"cena": 4.2397},{"cena": 4.2423},{"cena": 4.2308},{"cena": 4.2299},{"cena": 4.2352},{"cena": 4.2332},{"cena": 4.2487},{"cena": 4.2346},{"cena": 4.2419},{"cena": 4.2351},{"cena": 4.2296},{"cena": 4.2183},{"cena": 4.2108},{"cena": 4.2116},{"cena": 4.2086},{"cena": 4.2074},{"cena": 4.1991},{"cena": 4.2055},{"cena": 4.2078},{"cena": 4.2082},{"cena": 4.2024},{"cena": 4.2154},{"cena": 4.2115},{"cena": 4.2026},{"cena": 4.2038},{"cena": 4.2077},{"cena": 4.2155},{"cena": 4.2216},{"cena": 4.2217},{"cena": 4.2134},{"cena": 4.2011},{"cena": 4.1975},{"cena": 4.2018},{"cena": 4.1935},{"cena": 4.1909},{"cena": 4.1815},{"cena": 4.1709},{"cena": 4.1701},{"cena": 4.1673},{"cena": 4.1515},{"cena": 4.1544},{"cena": 4.1647},{"cena": 4.1779},{"cena": 4.1784},{"cena": 4.1758},{"cena": 4.1669},{"cena": 4.1696},{"cena": 4.1825},{"cena": 4.1739},{"cena": 4.1663},{"cena": 4.175},{"cena": 4.1696},{"cena": 4.1712},{"cena": 4.1637},{"cena": 4.1493},{"cena": 4.1477},{"cena": 4.1423},{"cena": 4.1461},{"cena": 4.1488},{"cena": 4.1504},{"cena": 4.1615},{"cena": 4.1585},{"cena": 4.1547},{"cena": 4.1593},{"cena": 4.1733},{"cena": 4.2024},{"cena": 4.1846},{"cena": 4.1764},{"cena": 4.1716},{"cena": 4.153},{"cena": 4.1559},{"cena": 4.1467},{"cena": 4.1472},{"cena": 4.1562},{"cena": 4.1811},{"cena": 4.1738},{"cena": 4.1717},{"cena": 4.17},{"cena": 4.1779},{"cena": 4.1854},{"cena": 4.1986},{"cena": 4.1895},{"cena": 4.1891},{"cena": 4.1922},{"cena": 4.2024},{"cena": 4.1989},{"cena": 4.1942},{"cena": 4.2097},{"cena": 4.2114},{"cena": 4.2168},{"cena": 4.2162},{"cena": 4.2176},{"cena": 4.2242},{"cena": 4.2416},{"cena": 4.2261},{"cena": 4.2295},{"cena": 4.2316},{"cena": 4.2164},{"cena": 4.2097},{"cena": 4.2093},{"cena": 4.2085}]
