[{"cena": 4.8914},{"cena": 4.8668},{"cena": 4.8561},{"cena": 4.8157},{"cena": 4.8121},{"cena": 4.8158},{"cena": 4.8061},{"cena": 4.7803},{"cena": 4.7635},{"cena": 4.7909},{"cena": 4.7889},{"cena": 4.7709},{"cena": 4.7392},{"cena": 4.7208},{"cena": 4.7221},{"cena": 4.752},{"cena": 4.7553},{"cena": 4.7441},{"cena": 4.7482},{"cena": 4.7856},{"cena": 4.7956},{"cena": 4.8233},{"cena": 4.8131},{"cena": 4.7586},{"cena": 4.7938},{"cena": 4.82},{"cena": 4.8066},{"cena": 4.7752},{"cena": 4.7709},{"cena": 4.7576},{"cena": 4.7317},{"cena": 4.7148},{"cena": 4.7401},{"cena": 4.7662},{"cena": 4.7671},{"cena": 4.7738},{"cena": 4.7546},{"cena": 4.731},{"cena": 4.7295},{"cena": 4.7089},{"cena": 4.7073},{"cena": 4.7405},{"cena": 4.7847},{"cena": 4.7675},{"cena": 4.7685},{"cena": 4.76},{"cena": 4.7715},{"cena": 4.7801},{"cena": 4.8261},{"cena": 4.7646},{"cena": 4.7652},{"cena": 4.7895},{"cena": 4.806},{"cena": 4.8061},{"cena": 4.7717},{"cena": 4.7578},{"cena": 4.7483},{"cena": 4.7318},{"cena": 4.7387},{"cena": 4.7272},{"cena": 4.7126},{"cena": 4.7001},{"cena": 4.6805},{"cena": 4.703},{"cena": 4.6691},{"cena": 4.6663},{"cena": 4.699},{"cena": 4.7347},{"cena": 4.724},{"cena": 4.7136},{"cena": 4.6777},{"cena": 4.6902},{"cena": 4.706},{"cena": 4.7051},{"cena": 4.7216},{"cena": 4.7301},{"cena": 4.7304},{"cena": 4.7527},{"cena": 4.7563},{"cena": 4.7688},{"cena": 4.7489},{"cena": 4.7082},{"cena": 4.7061},{"cena": 4.7076},{"cena": 4.7512},{"cena": 4.7381},{"cena": 4.7111},{"cena": 4.6877},{"cena": 4.6886},{"cena": 4.7298},{"cena": 4.769},{"cena": 4.7244},{"cena": 4.709},{"cena": 4.6846},{"cena": 4.6763},{"cena": 4.6769},{"cena": 4.6829},{"cena": 4.7042},{"cena": 4.7072},{"cena": 4.7233},{"cena": 4.7365},{"cena": 4.7527},{"cena": 4.7199},{"cena": 4.7482},{"cena": 4.7207},{"cena": 4.7109},{"cena": 4.6975},{"cena": 4.7},{"cena": 4.6788},{"cena": 4.7046},{"cena": 4.7142},{"cena": 4.72},{"cena": 4.7404},{"cena": 4.7506},{"cena": 4.7556},{"cena": 4.7778},{"cena": 4.7982},{"cena": 4.8114},{"cena": 4.8564},{"cena": 4.8445},{"cena": 4.8368},{"cena": 4.8475},{"cena": 4.7993},{"cena": 4.8081},{"cena": 4.8018},{"cena": 4.7974}]
