[{"cena": 0.4594},{"cena": 0.4583},{"cena": 0.4597},{"cena": 0.4595},{"cena": 0.4587},{"cena": 0.4593},{"cena": 0.458},{"cena": 0.4568},{"cena": 0.4551},{"cena": 0.4559},{"cena": 0.4554},{"cena": 0.4539},{"cena": 0.4525},{"cena": 0.4515},{"cena": 0.4511},{"cena": 0.4509},{"cena": 0.4506},{"cena": 0.4491},{"cena": 0.447},{"cena": 0.4476},{"cena": 0.4468},{"cena": 0.4468},{"cena": 0.4464},{"cena": 0.4466},{"cena": 0.4486},{"cena": 0.4493},{"cena": 0.4477},{"cena": 0.4474},{"cena": 0.4468},{"cena": 0.4463},{"cena": 0.4417},{"cena": 0.4361},{"cena": 0.4384},{"cena": 0.4388},{"cena": 0.4348},{"cena": 0.4358},{"cena": 0.4372},{"cena": 0.437},{"cena": 0.4356},{"cena": 0.4331},{"cena": 0.4317},{"cena": 0.4297},{"cena": 0.4282},{"cena": 0.4266},{"cena": 0.4262},{"cena": 0.4269},{"cena": 0.4301},{"cena": 0.4311},{"cena": 0.4295},{"cena": 0.425},{"cena": 0.4297},{"cena": 0.4293},{"cena": 0.434},{"cena": 0.4323},{"cena": 0.4274},{"cena": 0.4253},{"cena": 0.4255},{"cena": 0.4218},{"cena": 0.423},{"cena": 0.4249},{"cena": 0.4244},{"cena": 0.4239},{"cena": 0.4259},{"cena": 0.4271},{"cena": 0.4263},{"cena": 0.4262},{"cena": 0.4308},{"cena": 0.4326},{"cena": 0.4335},{"cena": 0.4334},{"cena": 0.4314},{"cena": 0.4312},{"cena": 0.4339},{"cena": 0.4332},{"cena": 0.4334},{"cena": 0.4337},{"cena": 0.4336},{"cena": 0.4328},{"cena": 0.4323},{"cena": 0.432},{"cena": 0.4332},{"cena": 0.4335},{"cena": 0.4328},{"cena": 0.4333},{"cena": 0.4347},{"cena": 0.4343},{"cena": 0.4328},{"cena": 0.4286},{"cena": 0.4301},{"cena": 0.4301},{"cena": 0.429},{"cena": 0.4289},{"cena": 0.4295},{"cena": 0.4291},{"cena": 0.4269},{"cena": 0.4295},{"cena": 0.4288},{"cena": 0.4289},{"cena": 0.4298},{"cena": 0.4309},{"cena": 0.4307},{"cena": 0.4326},{"cena": 0.432},{"cena": 0.4342},{"cena": 0.4337},{"cena": 0.4346},{"cena": 0.4352},{"cena": 0.4348},{"cena": 0.4327},{"cena": 0.4322},{"cena": 0.4381},{"cena": 0.4375},{"cena": 0.4396},{"cena": 0.4405},{"cena": 0.4442},{"cena": 0.4439},{"cena": 0.4432},{"cena": 0.4444},{"cena": 0.4462},{"cena": 0.444},{"cena": 0.4417},{"cena": 0.4431},{"cena": 0.4411},{"cena": 0.4367},{"cena": 0.4345},{"cena": 0.4361}]
