[{"cena": 0.1099},{"cena": 0.1099},{"cena": 0.1097},{"cena": 0.1095},{"cena": 0.1101},{"cena": 0.1101},{"cena": 0.1096},{"cena": 0.1091},{"cena": 0.1087},{"cena": 0.1089},{"cena": 0.1089},{"cena": 0.1086},{"cena": 0.1086},{"cena": 0.1084},{"cena": 0.1084},{"cena": 0.1086},{"cena": 0.1086},{"cena": 0.1084},{"cena": 0.1085},{"cena": 0.1098},{"cena": 0.1096},{"cena": 0.11},{"cena": 0.1098},{"cena": 0.1099},{"cena": 0.1104},{"cena": 0.1105},{"cena": 0.1105},{"cena": 0.1101},{"cena": 0.1095},{"cena": 0.11},{"cena": 0.1092},{"cena": 0.1087},{"cena": 0.1091},{"cena": 0.1095},{"cena": 0.1096},{"cena": 0.1101},{"cena": 0.1096},{"cena": 0.1088},{"cena": 0.1086},{"cena": 0.108},{"cena": 0.1086},{"cena": 0.1088},{"cena": 0.1089},{"cena": 0.1084},{"cena": 0.1089},{"cena": 0.1088},{"cena": 0.1093},{"cena": 0.1095},{"cena": 0.1096},{"cena": 0.1092},{"cena": 0.1095},{"cena": 0.1101},{"cena": 0.1098},{"cena": 0.1101},{"cena": 0.1096},{"cena": 0.1089},{"cena": 0.1083},{"cena": 0.1081},{"cena": 0.1081},{"cena": 0.1076},{"cena": 0.1073},{"cena": 0.1068},{"cena": 0.1065},{"cena": 0.1071},{"cena": 0.107},{"cena": 0.107},{"cena": 0.1079},{"cena": 0.1085},{"cena": 0.1089},{"cena": 0.1092},{"cena": 0.1075},{"cena": 0.1066},{"cena": 0.1069},{"cena": 0.1068},{"cena": 0.1068},{"cena": 0.1066},{"cena": 0.1069},{"cena": 0.1071},{"cena": 0.1067},{"cena": 0.1061},{"cena": 0.1062},{"cena": 0.1062},{"cena": 0.1064},{"cena": 0.1064},{"cena": 0.1064},{"cena": 0.1062},{"cena": 0.1059},{"cena": 0.1062},{"cena": 0.1067},{"cena": 0.1071},{"cena": 0.108},{"cena": 0.1076},{"cena": 0.1077},{"cena": 0.1072},{"cena": 0.1063},{"cena": 0.1061},{"cena": 0.1064},{"cena": 0.1067},{"cena": 0.107},{"cena": 0.1078},{"cena": 0.1078},{"cena": 0.1079},{"cena": 0.1078},{"cena": 0.1089},{"cena": 0.1088},{"cena": 0.1087},{"cena": 0.1081},{"cena": 0.1081},{"cena": 0.1077},{"cena": 0.1082},{"cena": 0.1088},{"cena": 0.1088},{"cena": 0.1093},{"cena": 0.1094},{"cena": 0.1095},{"cena": 0.1097},{"cena": 0.11},{"cena": 0.11},{"cena": 0.1106},{"cena": 0.1095},{"cena": 0.1099},{"cena": 0.1096},{"cena": 0.1088},{"cena": 0.1088},{"cena": 0.1095},{"cena": 0.1096}]
