[{"cena": 0.1378},{"cena": 0.1376},{"cena": 0.1366},{"cena": 0.1363},{"cena": 0.1375},{"cena": 0.1382},{"cena": 0.1372},{"cena": 0.1366},{"cena": 0.1353},{"cena": 0.1358},{"cena": 0.1358},{"cena": 0.1359},{"cena": 0.1363},{"cena": 0.1354},{"cena": 0.1355},{"cena": 0.1358},{"cena": 0.135},{"cena": 0.1345},{"cena": 0.1339},{"cena": 0.1361},{"cena": 0.1358},{"cena": 0.136},{"cena": 0.135},{"cena": 0.135},{"cena": 0.1365},{"cena": 0.1371},{"cena": 0.1374},{"cena": 0.1374},{"cena": 0.1368},{"cena": 0.1374},{"cena": 0.1362},{"cena": 0.1355},{"cena": 0.1358},{"cena": 0.1358},{"cena": 0.1356},{"cena": 0.1362},{"cena": 0.1344},{"cena": 0.1324},{"cena": 0.132},{"cena": 0.1315},{"cena": 0.1316},{"cena": 0.131},{"cena": 0.1308},{"cena": 0.1304},{"cena": 0.1306},{"cena": 0.1307},{"cena": 0.1315},{"cena": 0.1318},{"cena": 0.1321},{"cena": 0.1312},{"cena": 0.1314},{"cena": 0.1316},{"cena": 0.1303},{"cena": 0.1305},{"cena": 0.1283},{"cena": 0.1274},{"cena": 0.1273},{"cena": 0.1268},{"cena": 0.1267},{"cena": 0.126},{"cena": 0.1246},{"cena": 0.1236},{"cena": 0.1227},{"cena": 0.1242},{"cena": 0.1229},{"cena": 0.1223},{"cena": 0.1231},{"cena": 0.124},{"cena": 0.1235},{"cena": 0.1228},{"cena": 0.1204},{"cena": 0.1191},{"cena": 0.1193},{"cena": 0.1189},{"cena": 0.1185},{"cena": 0.1178},{"cena": 0.1178},{"cena": 0.1181},{"cena": 0.1171},{"cena": 0.1162},{"cena": 0.1168},{"cena": 0.1182},{"cena": 0.1194},{"cena": 0.1197},{"cena": 0.1197},{"cena": 0.1196},{"cena": 0.1204},{"cena": 0.1217},{"cena": 0.1242},{"cena": 0.1259},{"cena": 0.1268},{"cena": 0.1271},{"cena": 0.1271},{"cena": 0.1265},{"cena": 0.1241},{"cena": 0.1228},{"cena": 0.1237},{"cena": 0.1241},{"cena": 0.1248},{"cena": 0.1255},{"cena": 0.1256},{"cena": 0.1252},{"cena": 0.1255},{"cena": 0.1275},{"cena": 0.1288},{"cena": 0.1289},{"cena": 0.1284},{"cena": 0.129},{"cena": 0.1293},{"cena": 0.13},{"cena": 0.1307},{"cena": 0.1315},{"cena": 0.1317},{"cena": 0.1306},{"cena": 0.1295},{"cena": 0.1299},{"cena": 0.1299},{"cena": 0.1304},{"cena": 0.1314},{"cena": 0.1305},{"cena": 0.1307},{"cena": 0.1298},{"cena": 0.129},{"cena": 0.1283},{"cena": 0.1288},{"cena": 0.1298}]
