[{"cena": 3.6726},{"cena": 3.6737},{"cena": 3.6597},{"cena": 3.6502},{"cena": 3.6799},{"cena": 3.6743},{"cena": 3.6468},{"cena": 3.6219},{"cena": 3.6},{"cena": 3.601},{"cena": 3.6004},{"cena": 3.5964},{"cena": 3.6006},{"cena": 3.5896},{"cena": 3.5966},{"cena": 3.6061},{"cena": 3.6031},{"cena": 3.6006},{"cena": 3.5939},{"cena": 3.6568},{"cena": 3.643},{"cena": 3.6529},{"cena": 3.6366},{"cena": 3.6408},{"cena": 3.6585},{"cena": 3.6652},{"cena": 3.6595},{"cena": 3.6466},{"cena": 3.6274},{"cena": 3.6382},{"cena": 3.6126},{"cena": 3.5886},{"cena": 3.5958},{"cena": 3.5965},{"cena": 3.5909},{"cena": 3.606},{"cena": 3.5881},{"cena": 3.5557},{"cena": 3.5486},{"cena": 3.5276},{"cena": 3.5382},{"cena": 3.5385},{"cena": 3.5543},{"cena": 3.5352},{"cena": 3.5499},{"cena": 3.5454},{"cena": 3.5653},{"cena": 3.5722},{"cena": 3.5808},{"cena": 3.5633},{"cena": 3.5708},{"cena": 3.588},{"cena": 3.5716},{"cena": 3.5786},{"cena": 3.574},{"cena": 3.5583},{"cena": 3.5459},{"cena": 3.5369},{"cena": 3.5393},{"cena": 3.5253},{"cena": 3.5046},{"cena": 3.4813},{"cena": 3.4546},{"cena": 3.4616},{"cena": 3.4472},{"cena": 3.4488},{"cena": 3.4735},{"cena": 3.4992},{"cena": 3.4999},{"cena": 3.495},{"cena": 3.4366},{"cena": 3.401},{"cena": 3.419},{"cena": 3.4109},{"cena": 3.4108},{"cena": 3.3994},{"cena": 3.4036},{"cena": 3.4084},{"cena": 3.375},{"cena": 3.3376},{"cena": 3.3299},{"cena": 3.3375},{"cena": 3.3442},{"cena": 3.3318},{"cena": 3.3346},{"cena": 3.3329},{"cena": 3.3375},{"cena": 3.3498},{"cena": 3.3677},{"cena": 3.4119},{"cena": 3.4263},{"cena": 3.4122},{"cena": 3.3916},{"cena": 3.3769},{"cena": 3.3259},{"cena": 3.3173},{"cena": 3.3411},{"cena": 3.3597},{"cena": 3.3697},{"cena": 3.4009},{"cena": 3.3911},{"cena": 3.3799},{"cena": 3.3816},{"cena": 3.4188},{"cena": 3.4356},{"cena": 3.42},{"cena": 3.3995},{"cena": 3.3936},{"cena": 3.3744},{"cena": 3.3935},{"cena": 3.4132},{"cena": 3.4066},{"cena": 3.4143},{"cena": 3.4055},{"cena": 3.4117},{"cena": 3.4214},{"cena": 3.4341},{"cena": 3.4296},{"cena": 3.4544},{"cena": 3.4264},{"cena": 3.4319},{"cena": 3.4145},{"cena": 3.3921},{"cena": 3.3956},{"cena": 3.4201},{"cena": 3.4139}]
