[{ "cena" : 150.39},{ "cena" : 150.14},{ "cena" : 149.94},{ "cena" : 149.59},{ "cena" : 149.29},{ "cena" : 151.05},{ "cena" : 151.42},{ "cena" : 150.13},{ "cena" : 149.33},{ "cena" : 150.45},{ "cena" : 150.86},{ "cena" : 148.57},{ "cena" : 148.2},{ "cena" : 148.47},{ "cena" : 148.14},{ "cena" : 147.81},{ "cena" : 147.87},{ "cena" : 147.59},{ "cena" : 147.17},{ "cena" : 148.9},{ "cena" : 149.0},{ "cena" : 149.18},{ "cena" : 149.57},{ "cena" : 148.33},{ "cena" : 149.49},{ "cena" : 150.31},{ "cena" : 151.06},{ "cena" : 150.64},{ "cena" : 149.78},{ "cena" : 149.49},{ "cena" : 148.04},{ "cena" : 147.92},{ "cena" : 147.97},{ "cena" : 148.5},{ "cena" : 148.48},{ "cena" : 148.78},{ "cena" : 148.48},{ "cena" : 147.53},{ "cena" : 147.23},{ "cena" : 146.85},{ "cena" : 146.94},{ "cena" : 146.07},{ "cena" : 146.29},{ "cena" : 144.98},{ "cena" : 145.33},{ "cena" : 144.33},{ "cena" : 144.86},{ "cena" : 144.14},{ "cena" : 143.98},{ "cena" : 142.89},{ "cena" : 142.47},{ "cena" : 143.34},{ "cena" : 143.65},{ "cena" : 144.36},{ "cena" : 144.85},{ "cena" : 144.18},{ "cena" : 144.18},{ "cena" : 143.81},{ "cena" : 144.3},{ "cena" : 145.0},{ "cena" : 145.48},{ "cena" : 145.72},{ "cena" : 146.36},{ "cena" : 145.68},{ "cena" : 146.06},{ "cena" : 147.42},{ "cena" : 147.49},{ "cena" : 148.5},{ "cena" : 148.68},{ "cena" : 146.61},{ "cena" : 146.45},{ "cena" : 146.61},{ "cena" : 146.46},{ "cena" : 146.08},{ "cena" : 145.9},{ "cena" : 145.81},{ "cena" : 146.12},{ "cena" : 146.88},{ "cena" : 145.39},{ "cena" : 144.88},{ "cena" : 144.21},{ "cena" : 144.6},{ "cena" : 144.1},{ "cena" : 143.82},{ "cena" : 142.65},{ "cena" : 143.11},{ "cena" : 143.4},{ "cena" : 143.43},{ "cena" : 144.29},{ "cena" : 144.76},{ "cena" : 145.05},{ "cena" : 144.52},{ "cena" : 145.07},{ "cena" : 144.61},{ "cena" : 144.2},{ "cena" : 144.64},{ "cena" : 144.74},{ "cena" : 144.16},{ "cena" : 145.25},{ "cena" : 144.8},{ "cena" : 144.9},{ "cena" : 144.12},{ "cena" : 144.85},{ "cena" : 144.47},{ "cena" : 145.38},{ "cena" : 144.31},{ "cena" : 145.28},{ "cena" : 144.22},{ "cena" : 144.12},{ "cena" : 144.92},{ "cena" : 144.47},{ "cena" : 145.21},{ "cena" : 144.9},{ "cena" : 144.66},{ "cena" : 144.11},{ "cena" : 144.92},{ "cena" : 144.56},{ "cena" : 146.74},{ "cena" : 146.41},{ "cena" : 148.57},{ "cena" : 148.46},{ "cena" : 146.3},{ "cena" : 145.47},{ "cena" : 145.56}]
